autore,titolo,soggetto,editore,anno,collocazione,Lingua,ISBN,Classificazione,disponibile
AA. VV.,Dialettica della liberazione,Filosofia ,Einaudi,1969,C2,,,,si
AA. VV.,Critica della tolleranza,Filosofia ,Einaudi,1968,C2,,,,si
Augias-Cacitti,Inchiesta sul cristianesimo,Filosofia ,Mondadori,2008,C2,,,,si
Augias-Pesce,Inchiesta su Gesù (2 copie),Filosofia ,Mondadori,2006,C2,,,,si
Bodei Remo,Hegel e la dialettica,Filosofia ,Repubblica,2011,C1,,,,si
Ciliberto Michele,Giordano Bruno e la filosofia del rinascimento,Filosofia ,Repubblica,2011,C1,,,,si
Confucio,La grande dottrina. Il giusto mezzo.,Filosofia ,Rizzoli,1996,C2,,,,si
Curi Umberto,Marx e la rivoluzione,Filosofia ,Repubblica,2011,C1,,,,si
Dal Pra Mario,Sommario di storia della filosofia I-III,Filosofia ,Nuova Italia,1983,C1,,,,si
De Crescenzo Luciano,Storia della filosofia greca - I presocratici,Filosofia ,Mondadori,1988,D1,,,,si
De Crescenzo Luciano,Storia della filosofia greca - Da Socrate in poi,Filosofia ,Mondadori,1988,D1,,,,si
De Monticelli Roberta,"Agostino, Tommaso e la filosofia medievale",Filosofia ,Repubblica,2011,C1,,,,si
Ferraris Maurizio,"Socrate, Platone, Aristotele",Filosofia ,Repubblica,2011,C1,,,,si
Ferraris Maurizio,Kant e l'illuminismo,Filosofia ,Repubblica,2011,C1,,,,si
Ferraris Maurizio,Nitzsche e la volontà di potenza,Filosofia ,Repubblica,2011,C1,,,,si
Ferraris Maurizio,Derridà e la decostruzione,Filosofia ,Repubblica,2011,C1,,,,si
Fichte Johann,La missione del dotto,Filosofia ,Editori Riuniti,1987,C2,,,,si
Galimberti Umberto,"Freud, Jung e la psicoanalisi",Filosofia ,Repubblica,2011,C1,,,,si
Garin Eugenio,Storia della filosofia italiana I-II,Filosofia ,Einaudi,1978,D1,,,,si
Ghisalberti Alessandro,La filosofia medievale,Filosofia ,Giunti,2002,C2,,,,si
Giorello Giulio,Popper e la filosofia della scienza,Filosofia ,Repubblica,2011,C1,,,,si
Hillman James,Il potere,Filosofia ,Mondadori,2002,C2,,,,si
Kant Emanuele,Progetto per una pace perpetua,Filosofia ,Rizzoli,1968,C2,,,,si
Kenny Anthony,Filosofia antica,Filosofia ,Einaudi,2012,C1,,,,si
Kenny Anthony,Filosofia medievale,Filosofia ,Einaudi,2012,C1,,,,si
Lamanna E. Paolo,Letture filosofiche I-III,Filosofia ,Le Monnier,1967,D1,,,,si
Marcuse Herbert,Cultura e società,Filosofia ,Einaudi,1969,C2,,,,si
Marcuse Herbert,Saggio sulla liberazione,Filosofia ,Einaudi,1969,C2,,,,si
Marcuse Herbert,La fine dell'utopia,Filosofia ,Laterza,1968,C2,,,,si
Marcuse Herbert,L'uomo a una dimensione,Filosofia ,Einaudi,1967,C2,,,,si
Odifreddi Piergiorgio,Einstein e la relatività,Filosofia ,Repubblica,2011,C1,,,,si
Odifreddi Piergiorgio,Russel e la logica del '900,Filosofia ,Repubblica,2011,C1,,,,si
Plebe Armando,Che cosa ha veramente detto Hegel,Filosofia ,Astrolabio,1968,C2,,,,si
Proto Mario,Introduzione a Marcuse,Filosofia ,Lacaita,1968,C2,,,,si
Rodotà Stefano,Foucault e le nuove forme del potere,Filosofia ,Repubblica,2011,C1,,,,si
Rossi Paolo,Newton e la rivoluzione scientifica,Filosofia ,Repubblica,2011,C1,,,,si
Rousseau Jean-Jacques,Saggio sull'origine delle lingue,Filosofia ,Einaudi,1989,C2,,,,si
Russell Bertrand,Storia delle idee del secolo XIX,Filosofia ,Mondadori,1968,C2,,,,si
Russell Bertrand,La saggezza dell'Occidente,Filosofia ,Longanesi,1971,D1,,,,si
Russell Bertrand,Storia della filosofia occidentale,Filosofia ,Longanesi,1977,D1,,,,si
Russell Bertrand,I problemi della filosofia,Filosofia ,Feltrinelli,1973,D1,,,,si
Russell Bertrand,Russel dice la sua,Filosofia ,Longanesi,1968,D1,,,,si
Russell Bertrand,La conquista della felicità,Filosofia ,Longanesi,1967,D1,,,,si
Russell Bertrand,"Socialismo, anarchismo, sindacalismo",Filosofia ,Longanesi,1968,D1,,,,si
Russell Bertrand,Matrimonio e morale,Filosofia ,Longanesi,1966,D1,,,,si
Russell Bertrand,Perché non sono cristiano,Filosofia ,Longanesi,1960,D1,,,,si
Russell Bertrand,Scienza e religione,Filosofia ,Longanesi,1974,D1,,,,si
Savater Fernando,Etica per un figlio,Filosofia ,Laterza,1993,C2,,,,si
Savater Fernando,Il coraggio di scegliere,Filosofia ,Laterza,2004,C2,,,,si
Schopenhauer Arthur,L'arte di essere felici,Filosofia ,Adelphi,1997,C2,,,,si
Schopenhauer Arthur,L'arte di ottenere ragione,Filosofia ,Adelphi,1991,C2,,,,si
Schopenhauer Arthur,L'arte di conoscere se stessi,Filosofia ,Adelphi,2003,C2,,,,si
Severino Emanuele,La filosofia antica e medievale,Filosofia ,Rizzoli,1996,C1,,,,si
Severino Emanuele,La filosofia moderna,Filosofia ,Rizzoli,1996,C1,,,,si
Severino Emanuele,La filosofia contemporanea,Filosofia ,Rizzoli,1996,C1,,,,si
Severino Emanuele,I presocratici e la nascita della filosofia,Filosofia ,Repubblica,2011,C1,,,,si
Vattimo Gianni,Heidegger e la filosofia della crisi,Filosofia ,Repubblica,2011,C1,,,,si
Fucik Julius,Scritto sotto la forca,Politica,Universale econ.,1949,B1,,,,si
Austen Jane,Ragione e sentimento. Orgoglio e pregiuzio,Letteratura,Newton Compton,2004,F1,,,,si
Boissard Janine,Maria Tempesta,Letteratura,Salani,1998,F1,,,,si
Brontë Charlotte,Il professore,Letteratura,Paoline,1966,F1,,,,si
Moranino Caterina,La notte era buia ma piena di stelle,Letteratura,4 Punte,2022,F1,,,,si
Salutij Patrizia,Meduse & Ricci,Letteratura,A.L.A.,2018,F1,,,,si
Levi Montalcini Rita,Elogio dell'imperfezione,Letteratura,Garzanti,1987,F2,,,,si
Paggini Laura,Pesante come una piuma,Letteratura,Youcanprint,2014,F2,,,,si
Alcott Louisa May,Piccole donne,Letteratura,Feltrinelli,2018,F3,,,,si
Blixen Karen,Il matrimonio moderno,Letteratura,Adelphi,1986,F3,,,,si
Elsner Gisela,Non commettere atti impuri,Letteratura,Einaudi,1975,F3,,,,si
Kimball Nell,Memorie di una maitresse americana,Letteratura,Adelphi,1975,F3,,,,si
Manzini Gianna,La sparviera,Letteratura,Mondadori,1963,F3,,,,si
Pearson Diane,Czarda,Letteratura,Longanesi,1983,F3,,,,si
Riley Lucinda,Ally nella tempesta,Letteratura,Giunti ,2016,F3,,,,si
Santuari Rita,Una donna da vendere … Una donna da comprare,Letteratura,Nuova Fortezza,1992,F3,,,,si
Scoppettone Sandra,Donato & figlia,Letteratura,e/o,2002,F3,,,,si
Allende Isabel,La casa degli spiriti,Letteratura,Feltrinelli,1982,F4,,,,si
Bianchi Petitti Cesy,Risacca di voci,Letteratura,Todariana,1990,F4,,,,si
Blixen Karen,La mia Africa,Letteratura,Feltrinelli,1980,F4,,,,si
Cabot Meg,The princess diaries,Letteratura,Rizzoli,2010,F4,,,,si
Casilio Cerasi Jolanda,Poesie e canzoni,Letteratura,?,1974,F4,,,,si
Christie Agatha,Nella mia fine è il mio principio,Letteratura,Mondadori,1985,F4,,,,si
D'Alfonso Maria Rosaria,Storia di una libellula,Letteratura,Ibiskos,2004,F4,,,,si
Duras Marguerite,Emily L.,Letteratura,Feltrinelli,1988,F4,,,,si
Lagorio Gina,La spiaggia del lupo,Letteratura,Garzanti,1977,F4,,,,si
Lupetti Battaglini Bruna,Dove nascono i quadrifogli,Letteratura,Baroni,2000,F4,,,,si
McCullough Colleen,Uccelli di rovo I,Letteratura,Gente,?,F4,,,,si
Nair Anita,Cuccette per signora,Letteratura,BEAT,2010,F4,,,,si
Salvemini Giuseppina,Frammenti,Letteratura,Coopergraf,2006,F4,,,,si
Santalucia Maria Teresa,Poesie,Letteratura,Peloro,1987,F4,,,,si
Seghers Anna,La settima croce,Letteratura,Mondadori,1958,F4,,,,si
Tamaro Susanna,Va' dove ti porta il cuore,Letteratura,Baldini&Castoldi,1994,F4,,,,si
Vittorietti Maria Teresa,Una sera particolare,Letteratura,Ibiskos,2004,F4,,,,si
AA. VV.,Poeti africani anti apartheid,Letteratura,Dell'arco,2002,L,,,,si
AA. VV.,Divina Callas (con CD),Letteratura,Rizzoli,2015,L,,,,si
AA. VV.,Menti criminali,Letteratura,Einaudi,2011,L,,,,si
AA. VV.,Partire,Letteratura,Avalardi,2009,L,,,,si
Atkinson Hugh,L'uomo al centro della foto,Letteratura,Sonzogno,1979,L,,,,si
Balan Bruce,Una luce sul mare,Letteratura,Sperling & Kupfer,1998,L,,,,si
Barghi Andrea,Linfa vitale,Letteratura,Pazzini,1993,L,,,,si
Brizzi Fausto,Ho sposato una vegana,Letteratura,Einaudi,2017,L,,,,si
Brown Dan,Il codice Da Vinci,Letteratura,Mondadori,2004,L,,,,si
Campanile-Peynet,Codice dei fidanzati,Letteratura,Elmo,1960,L,,,,si
Campbell John W.,Avventura nell'iperspazio,Letteratura,Mondadori Urania,1965,L,,,,si
Cassieri Giuseppe,La cocuzza,Letteratura,Garzanti,1971,L,,,,si
Cesbron Gilbert,I santi vanno all'inferno,Letteratura,Longanesi,1966,L,,,,si
Christie Agatha,Destinazione ignota,Letteratura,Mondadori,1955,L,,,,si
Conan Doyle Arthur,Uno studio in rosso,Letteratura,Giunti,2010,L,,,,si
Connelly Michael,Cronaca nera,Letteratura,Piemme,2006,L,,,,si
Connelly Michael,Il poeta è tornato,Letteratura,Piemme,2006,L,,,,si
Connelly Michael,La memoria del topo,Letteratura,Piemme,2001,L,,,,si
Crichton Michael,Timeline,Letteratura,Garzanti,2000,L,,,,si
Cussler Clive,Tesoro,Letteratura,TEA DUE,1994,L,,,,si
Dachs,Il campeggio,Letteratura,Saie,1955,L,,,,si
De Crescenzo Luciano,Il libro delle gaffes,Letteratura,Mondadori,1997,L,,,,si
De Santi Massimo,Mutazioni,Letteratura,L'autore,?,L,,,,si
De Santi Massimo,Cosmopoesie,Letteratura,Libroitaliano,2001,?,,,,si
Di Vita Giancarlo,Zialili,Letteratura,Cancelli,2003,L,,,,si
Diehl William,Pelle di sbirro,Letteratura,Mondadori,1982,L,,,,si
Eberhart Mignon,la casa segreta,Letteratura,Mondadori Gialli,1975,L,,,,si
Evangelisti Valerio,Il mistero dell'inquisitore Eymerich,Letteratura,Mondadori,1997,L,,,,si
Evangelisti Valerio,Il collare di fuoco,Letteratura,Mondadori,2007,L,,,,si
Faletti Giorgio,Io uccido,Letteratura,Baldini&Castoldi,2006,L,,,,si
Fantazzini Horst,Lo statuto dei gabbiani,Letteratura,Milieu,2012,L,,,,si
Follett Ken,Il volo del calabrone,Letteratura,Mondadori,2012,L,,,,si
Follett Ken,Il codice Rebecca,Letteratura,Selezione,1983,L,,,,si
Frontera Claudio,In poche parole,Letteratura,Bandecchi,?,?,,,,si
Gibson William,La tela del ragno,Letteratura,Longanesi,1966,L,,,,si
Green John,Città di carta,Letteratura,Rizzoli,2014,L,,,,si
Green John,Colpa delle stelle,Letteratura,Rizzoli,2012,L,,,,si
Guerra-Malerba,Storie dell'anno Mille,Letteratura,Fabbri,1992,L,,,,si
Guild Nicholas,Ninive,Letteratura,Rizzoli,1994,L,,,,si
Gustarelli Andrea,Autori nostri,Letteratura,Trevisini,1924,L,,,,si
Hadley Chase James,Patto di morte,Letteratura,Mondadori Gialli,1968,L,,,,si
Hancock Graham,L'enigma di Marte,Letteratura,Corbaccio,1990,L,,,,si
Harris Robert,Enigma,Letteratura,Mondadori,1996,L,,,,si
Harris Thomas ,Hannibal,Letteratura,Mondadori,1999,L,,,,si
Heinlein  Robert,Racconti,Letteratura,Mondadori,1995,L,,,,si
Horan James,Uomini disperati,Letteratura,Longanesi,1966,L,,,,si
Jerome K.,Tre uomini in barca,Letteratura,La spiga,2001,L,,,,si
Lello Roberto,Proposte,Letteratura,Thule,1985,L,,,,si
Lucarelli-Picozzi,Scena del crimine,Letteratura,Mondadori,2006,L,,,,si
Luschi Corrado,I nostri ieri,Letteratura,Nuova Fortezza,1983,L,,,,si
Manfredi Valerio Massimo,L'ultima legione,Letteratura,Mondadori,2002,L,,,,si
Marchesi Marcello,Diario futile di un signore di mezza età,Letteratura,Rizzoli,1963,L,,,,si
Morosi Ezio,Nel silenzio della sera,Letteratura,Borla,1995,L,,,,si
Noone John,L'uomo con l'uovo di cioccolata,Letteratura,Mondadori,1967,L,,,,si
Ongaro Alberto,La partita,Letteratura,TEA DUE,1989,L,,,,si
Orlandi-Benigni,"Pia de' Tolomei,",Letteratura,Debatte,1996,?,,,,si
Ovidio e Tibullo,Carmi scelti,Letteratura,Bemporad,1931,?,,,,si
Pierucci Gianclaudio,Growlers,Letteratura,Pierucci,2013,?,,,,si
Pini Gabriel,Goya enterprises,Letteratura,PSE,2015,L,,,,si
Pinotti Roberto,Dei dello spazio,Letteratura,Mondadori,2004,L,,,,si
Pozzi Luciano,L'intramontabile crepuscolo,Letteratura,Belfiore,1995,?,,,,si
Prather Richard S.,Il gemello scomparso,Letteratura,Longanesi,1988,L,,,,si
Robb Candace,La morte nera,Letteratura,Piemme,2004,L,,,,si
Robinson Henry M.,Il cardinale,Letteratura,Garzanti,1963,L,,,,si
Ruark ,Qualcosa che vale,Letteratura,Bompiani,1957,?,,,,si
Sabelli Fioretti Claudio,Dimmi dammi fammi,Letteratura,Aliberti,2009,L,,,,si
Sepulveda Luis,Storia di una gabbianella e del gatto che le insegnò a volare,Letteratura,Salani,1996,L,,,,si
Spada Dario,Guida ai fantasmi d'Italia,Letteratura,Armenia,2000,L,,,,si
Spensieri Emilio,Cumme fusse allora…,Letteratura,BP Molise,1973,L,,,,si
Spinrad Norman,Astronavi nell'abisso,Letteratura,Mondadori Urania,2002,L,,,,si
Stoppacciaro Edoardo,Mondo in fiamme,Letteratura,Lacorte,2016,L,,,,si
Thompson Jim,Nulla più di un omicidio,Letteratura,Fanucci,2005,L,,,,si
Turow Scott,Presunto innocente,Letteratura,Mondadori,1994,L,,,,si
Ulivieri Cesare,Un portuale poeta,Letteratura,Bandecchi,2002,L,,,,si
Valsangiacomo Camillo,Serenata sulla Limmat,Letteratura,elvetica,1972,L,,,,si
Weber Ken,Il detective sei tu,Letteratura,Morellini,2011,L,,,,si
Woolrich Cornell,Dinastia di morti,Letteratura,Mondadori,1999,L,,,,si
Zucconi Vittorio,Gli spiriti non dimenticano,Letteratura,Mondadori,1996,L,,,,si
AA. VV.,Racconti della scapigliatura milanese,Letteratura,Club del libro,1959,Lett,,,,si
Akseenov Vasilij,Il biglietto stellato,Letteratura,Editori Riuniti,1961,Lett,,,,si
Alfieri Vittorio,La vita,Letteratura,SEI,1935,Lett,,,,si
Alighieri Dante,Purgatorio,Letteratura,Vallecchi,1968,Lett,,,,si
Anonimo,Berlinguer e il professore (2 copie),Letteratura,Rizzoli,1975,Lett,,,,si
Anonimo,Porci con le ali,Letteratura,Savelli,1976,Lett,,,,si
Antonicelli Franco,Scritti letterari 1934-1974,Letteratura,Giardini,1985,Lett,,,,si
Apollinaire Guillaume,Opera poetica,Letteratura,Guanda,1963,Lett,,,,si
Ariosto Ludovico,Orlando furioso,Letteratura,SEI,1937,Lett,,,,si
Babel Isaak,Racconti di Odessa. Il tramonto,Letteratura,Editori Riuniti,1958,Lett,,,,si
Balzac Onorato,I capolavori della commedia umana 1,Letteratura,Casini,1972,Lett,,,,si
Baricco Alessandro,Seta,Letteratura,Rizzoli,1996,Lett,,,,si
Baudelaire Charles,I fiori del male,Letteratura,Feltrinelli,1969,Lett,,,,si
Baudelaire Charles,Diari intimi,Letteratura,Dall'Oglio,1969,Lett,,,,si
Bek Alexandr ,La strada di Volokolamsk,Letteratura,Culura sociale ,1951,Lett,,,,si
Bernanos Georges,Diario di un curato di campagna,Letteratura,Mondadori,1965,Lett,,,,si
Bertolucci Attilio,36 Poesie,Letteratura,Garzanti,1997,Lett,,,,si
Bizet Merimee,Carmen,Letteratura,Passigli,1994,Lett,,,,si
Blasco Ibanez Vicente,La baracca,Letteratura,Feltrinelli,1955,Lett,,,,si
Boccaccio Giovanni,Decameron 1-2,Letteratura,Club del libro,1958,Lett,,,,si
Borges Jorge Luis,Finzioni,Letteratura,Einaudi,1995,Lett,,,,si
Bradbury Ray,Farenheit 451,Letteratura,Monjdadori,1978,Lett,,,,si
Brecht Bertolt,I capolavori  I-II,Letteratura,Einaudi,1963,Lett,,,,si
Bulgakov Michail,Il Maestro e Margherita,Letteratura,Repubblica,2002,Lett,,,,si
Camus Albert,La peste,Letteratura,Bompiani,1974,Lett,,,,si
Cassola Carlo,Il taglio del bosco,Letteratura,Einaudi,1965,Lett,,,,si
Chaucer Geoffrey,Novelle di Canterbury,Letteratura,Pironti,?,Lett,,,,si
Ciu Li-Po,L'uragano,Letteratura,Editori Riuniti,1957,Lett,,,,si
Constant Benjamin,Adolfo (2 copie),Letteratura,Rizzoli/Sansoni,1953,Lett,,,,si
De Roberto Federico,I viceré,Letteratura,Feltrinelli,2011,Lett,,,,si
Dostoiewski Fjodor,Delitto e castigo,Letteratura,Einaudi,1947,Lett,,,,si
Eco Umberto,Il nome della rosa,Letteratura,Bompiani,1980,Lett,,,,si
Eco Umberto,Il secondo diario minimo,Letteratura,Bompiani,1992,Lett,,,,si
Fitzgerald  F&Z,Lembi di paradiso,Letteratura,Mondadori,1975,Lett,,,,si
Garcia Marquez Gabriel,Cent'anni di solitudine,Letteratura,CDE,1983,Lett,,,,si
Garcia Marquez Gabriel,Cronica de una muerte anunciada,Letteratura,Amigo,1986,Lett,,,,si
Garcia Marquez Gabriel,Dell'amore e di altri demoni,Letteratura,Mondadori,1994,Lett,,,,si
Gide Andre,I sotterranei del Vaticano,Letteratura,Garzanti,1965,Lett,,,,si
Gogol Nicolai,Il cappotto,Letteratura,SE,1996,Lett,,,,si
Goldoni Carlo,La locandiera,Letteratura,Rizzoli,1998,Lett,,,,si
Haddon Mark,Lo strano caso del cane ucciso a mezzanotte,Letteratura,Einaudi,2003,Lett,,,,si
Hawthorne Nathaniel,La letttera scarlatta,Letteratura,Newton Compton,1994,Lett,,,,si
Hemingway Ernest,Il giardino dell'Eden,Letteratura,Mondadori,1987,Lett,,,,si
Hemingway Ernest,Fiesta. Il sole sorgerà ancora,Letteratura,Mondadori,1966,Lett,,,,si
Hemingway Ernest,Per chi suona la campana,Letteratura,Mondadori,1969,Lett,,,,si
Hemingway Ernest,Il vecchio e il mare,Letteratura,Repubblica,2002,Lett,,,,si
Herriot James,Creature grandi e piccole,Letteratura,Rizzoli,1982,Lett,,,,si
Hesse Hermann,Sull'amore,Letteratura,Mondadori,1988,Lett,,,,si
Hesse Hermann,Peter Camenzind,Letteratura,Mondadori,1980,Lett,,,,si
Hesse Hermann,Il pellegrinaggio in Oriente,Letteratura,Adelphi,1973,Lett,,,,si
Hesse Hermann,Leggende e fiabe,Letteratura,Mondadori,1981,Lett,,,,si
Hesse Hermann,Siddharta,Letteratura,Adelphi,1975,Lett,,,,si
Hoelderlin Friedrich,Iperione,Letteratura,Feltrinelli,2013,Lett,,,,si
Hosseini Khaled,Mille splendidi soli,Letteratura,Piemme,2007,Lett,,,,si
Hugo Victor,Notre Dame de Paris,Letteratura,Repubblica,2003,Lett,,,,si
Hugo Victor,Tutti i romanzi,Letteratura,Mursia,1966,Lett,,,,si
Kafka Franz,Lettera al padre,Letteratura,SE,1987,Lett,,,,si
Kafka Franz,La metamorfosi,Letteratura,La spiga,2002,Lett,,,,si
Kerouac Jack,On the road (lingua originale),Letteratura,Penguin,1957,Lett,,,,si
Kipling Rudyard,Kim,Letteratura,Rizzoli,1952,Lett,,,,si
Klavan Andrew,Prima di mezzanotte,Letteratura,Euroclub,1996,Lett,,,,si
Kundera Milan,La vita è altrove,Letteratura,Adelphi,1987,Lett,,,,si
Kundera Milan,L'insostenibile leggerezza dell'essere,Letteratura,Adelphi,1985,Lett,,,,si
Kundera Milan,Lo scherzo,Letteratura,Adelphi,1986,Lett,,,,si
Kuznecov Anatolij,Babij Jar,Letteratura,Adelphi,2019,Lett,,,,si
Lem Stanislaw,L'invincibile,Letteratura,Mondadori,2003,Lett,,,,si
Levi Carlo,Cristo si è fermato a Eboli,Letteratura,Mondadori,1968,Lett,,,,si
Levi Primo,Se questo è un uomo,Letteratura,Repubblica,2002,Lett,,,,si
London Jack,Romanzi,Letteratura,Casini,1988,Lett,,,,si
Malaparte Curzio,La pelle,Letteratura,Mondadori,1981,Lett,,,,si
Maltz Albert ,Lungo giorno di una breve vita,Letteratura,Editori Riuniti,1960,Lett,,,,si
Melville Herman,Taipi,Letteratura,Editori Riuniti,1968,Lett,,,,si
Moravia Alberto,La cosa,Letteratura,Bompiani,1989,Lett,,,,si
Moravia Alberto,Gli indifferenti,Letteratura,Bompiani,1990,Lett,,,,si
Pasolini Pierpaolo,Lettere luterane (2 copie),Letteratura,Einaudi,1991,Lett,,,,si
Pasolini Pierpaolo,Le belle bandiere (2 copie),Letteratura,Editori Riuniti,1977,Lett,,,,si
Pasolini Pierpaolo,Il caos (2 copie),Letteratura,Editori Riuniti,1981,Lett,,,,si
Pavese Cesare,Il mestiere di vivere,Letteratura,Einaudi,1982,Lett,,,,si
Petrarca Francesco,Rime,Letteratura,Giusti,1933,Lett,,,,si
Peyrefitte Georges,Le chiavi di san Pietro,Letteratura,Longanesi,1958,Lett,,,,si
Piontek Heinz,Il guado. La scia di fumo. Segni d'acqua,Letteratura,Nuova Fortezza,1988,Lett,,,,si
Poe Edgar Allan,Le avventure di Gordon Pym,Letteratura,Newton Compton,1992,Lett,,,,si
Poe Edgar Allan,Tales of Mistery and Imagination,Letteratura,Harper,2011,Lett,,,,si
Polevoi Boris,Il ritorno,Letteratura,Culura sociale ,1951,Lett,,,,si
Polo Marco,Il milione,Letteratura,Club del libro,1965,Lett,,,,si
Pope Alexander,Il riccio rapito,Letteratura,Rondinella,1940,Lett,,,,si
Powell Richard,Vacanze matte,Letteratura,Garzanti,1967,Lett,,,,si
Prokosch Frederic,Gli idoli della caverna,Letteratura,Mondadori,1951,Lett,,,,si
Remarque Erich Maria,Niente di nuovo sul fronte occidentale,Letteratura,Mondadori,1983,Lett,,,,si
Rigoni Stern Mario,Il sergente nella neve. Ritorno sul Don.,Letteratura,Einaudi,1990,Lett,,,,si
Rimbaud Arthur,Opere (bilingue),Letteratura,Feltrinelli,1964,Lett,,,,si
Rossi Paolo,La strana guerra,Letteratura,People,2024,Lett,,,,si
Roth Joseph,La leggenda del santo bevitore,Letteratura,Adelphi,1975,Lett,,,,si
Salinari Carlo,Profilo storico della letteratura italiana 1-3,Letteratura,Editori Riuniti,1972,Lett,,,,si
Sartre Jean-Paul,La nausea. Il muro.,Letteratura,Einaudi,1982,Lett,,,,si
Sartre Jean-Paul,L'età della ragione,Letteratura,Bompiani,1984,Lett,,,,si
Schnitzler Arthur,Doppio sogno,Letteratura,Adelphi,1977,Lett,,,,si
Sciascia Leonardo,A ciascuno il suo,Letteratura,Repubblica,2002,Lett,,,,si
Sciolokov Michail Al.,Il destino di un uomo,Letteratura,Editori Riuniti,1959,Lett,,,,si
Sciolokov Michail Al.,Terre dissodate,Letteratura,Editori Riuniti,1960,Lett,,,,si
Shelley Percy,Prose,Letteratura,Sonzogno,1941,Lett,,,,si
Skarmeta Antonio,Il postino di Neruda (2 copie),Letteratura,Garzanti,2003,Lett,,,,si
Solzenicyn Aleksandr,Il primo cerchio,Letteratura,Mondadori,1974,Lett,,,,si
Stanco Zaharia,I molossi,Letteratura,La pietra,1962,Lett,,,,si
Steinbeck John,Uomini e topi,Letteratura,Fabbri,2001,Lett,,,,si
Stendhal,Il rosso e il nero,Letteratura,L'Unità,1963,Lett,,,,si
Stendhal ,Lucien Leuwen 1-2,Letteratura,Club del libro,1960,Lett,,,,si
Svevo Italo,Senilità,Letteratura,Mondadori,1982,Lett,,,,si
Svevo Italo,La coscienza di Zeno,Letteratura,Repubblica,2002,Lett,,,,si
Svevo Italo,La coscienza si Zeno. Senilità. Una vita,Letteratura,Newton Compton,1997,Lett,,,,si
Tasso Torquato,La Gerusalemme liberata,Letteratura,Sandron,1928,Lett,,,,si
Thompson Morton,Nessuno resta solo,Letteratura,Dall'Oglio,1955,Lett,,,,si
Tobino Mario,Per le antiche scale,Letteratura,Mondadori,1976,Lett,,,,si
Tolkien J.R.R.,Le due torri,Letteratura,Bompiani,2002,Lett,,,,si
Tolstoi Leone ,Guerra e pace I-IV,Letteratura,Mondadori,1957,Lett,,,,si
Tolstoi Lev N.,Guerra e pace,Letteratura,Rizzoli,2002,Lett,,,,si
Twain Mark,Viaggio in paradiso,Letteratura,Longanesi,1965,Lett,,,,si
Uhlman Fred,L'amico ritrovato,Letteratura,Feltrinelli,1986,Lett,,,,si
Undset Sigrid,Primavera,Letteratura,Fabbri,1965,Lett,,,,si
Vasquez Montalban Manuel,Barcelonas,Letteratura,Leonardo,1992,Lett,,,,si
Vazquez Montalban Manuel,Assassinio al Comitato Centrale,Letteratura,Sellerio,1984,Lett,,,,si
Vcervantes Miguel,Don Chisciotte,Letteratura,L'Unità,1966,Lett,,,,si
Verga Giovanni,I Malavoglia,Letteratura,Mondadori,1965,Lett,,,,si
Virgilio,Il libro XII dell'Eneide,Letteratura,Bemporad,1933,Lett,,,,si
Wilde Oscar,The Picture of Dorian Gray (in inglese),Letteratura,Penguin,2003,Lett,,,,si
Yates Richard,I non conformisti,Letteratura,Garzanti,1964,Lett,,,,si
Zumthor Paul,Semiologia e poetica medievale,Letteratura,Feltrinelli,1973,Lett,,,,si
Manzoni Alessandro,I promessi sposi (5 copie),Letteratura,vari,,,,,,si
Alighieri Dante,Divina commedia,Letteratura,,,,,,,si
AA. VV.,Campamento 5 de Majo,Politica,Sugar,1969,A1,,,,si
Amendola Giorgio,Lettere a Milano,Politica,Editori Riuniti,1973,A1,,,,si
Badaloni Nicola,Democratici e socialisti livornesi,Politica,Editori Riuniti,1966,A1,,,,si
Bagarolo Tiziano,Marxismo ed ecologia,Politica,Nuove Edizioni Internazionali,1989,A1,,,,si
Citati Pietro,I frantumi del mondo,Politica,Rizzoli,1978,A1,,,,si
Collotti Enzo,L'antifascismo in Italia e in Europa 1922-1939,Politica,Loescher,1975,A1,,,,si
Falcone Giovanni,Cose di cosa nostra,Politica,Fabbri,1995,A1,,,,si
Fetscher Iring,Il marxismo 1-2-3,Politica,Feltrinelli,1969,A1,,,,si
Guevara Ernesto,Educazione e uomo nuovo,Politica,Il Papiro,1995,A1,,,,si
Lemonnier A.M.,Luce suk patibolo,Politica,elle di ci,1975,A1,,,,si
Maitan Livio,L'esplosione rivoluzionaria in Francia,Politica,Samonà e Savelli,1968,A1,,,,si
Marx-Engels,Manifesto del partito comunista,Politica,PCI ,1973,A1,,,,si
Scuola di Barbiana,Lettera a una professoressa,Politica,Libreria Editrice Fiorentina,1967,A1,,,,si
Trombino Mario,Le parole della democrazia,Politica,Poseidonia,1991,A1,,,,si
Amendola Giorgio,Il comunismo italiano nella II guerra mondiale,Politica,Editori Riuniti,1963,A2,,,,si
Amendola Giorgio,Classe operaia e programmazione democratica,Politica,Editori Riuniti,1966,A2,,,,si
Amendola Giorgio,Comunismo antifascismo Resistenza,Politica,Editori Riuniti,1967,A2,,,,si
Amendola Giorgio,Una scelta di vita (2 copie),Politica,Rizzoli,1977,A2,,,,si
Amendola Giorgio,Un'isola,Politica,Rizzoli,1980,A2,,,,si
Fortebraccio,Lorsignori Corsivi 1971-1972,Politica,Editori Riuniti,1972,A2,,,,si
Fortebraccio,Fanfaneide,Politica,Editori Riuniti,1975,A2,,,,si
Fortebraccio,Partita aperta. Corsivi 1978,Politica,Editori Riuniti,1978,A2,,,,si
Fortebraccio,A carte scoperte. Corsivi 1979,Politica,Editori Riuniti,1979,A2,,,,si
Fortebraccio,Detto tra noi,Politica,Editori Riuniti,1980,A2,,,,si
Fortebraccio,A chiare note,Politica,Editori Riuniti,1981,A2,,,,si
Frontera Claudio,La comunicazione è politica,Politica,Books&Company,2005,A2,,,,si
Manconi-Dini,Il discorso delle armi,Politica,Savelli,1981,A2,,,,si
Nafeez Ahmed,Guerra alla libertà,Politica,Fazi Editore,2002,A2,,,,si
Natoli Aldo,Sulle origini delo stalinismo,Politica,Vallecchi,1979,A2,,,,si
Nunes-Burbach,Democrazia e rivoluzione nelle Americhe,Politica,Mondo Nuovo,1988,A2,,,,si
AA. VV.,No Global - Gli inganni della globalizzazione,Politica,Zelig,2001,A3,,,,si
Bronzo A.,Dai fronti popolari al dopo Stalin,Politica,Ottaviano,1977,A3,,,,si
Castro Fidel,Socialismo e comunismo: un processo unico,Politica,Feltrinelli,1969,A3,,,,si
Cavalli Luciano,Il mutamento sociale,Politica,Il Mulino,1972,A3,,,,si
Hardt Negri,Impero,Politica,Rizzoli,2002,A3,,,,si
Livadiotti Stefano,L'altra casta,Politica,Bompiani,2008,A3,,,,si
Risaliti Renato,Studi sui rapporti italo-russi,Politica,Goliardica,1972,A3,,,,si
Rizzo-Stella,La casta,Politica,Rizzoli,2007,A3,,,,si
Veltri Elio,Le toghe rosse,Politica,Baldini&Castoldi,2002,A3,,,,si
Gorter Hermann,Risposta all'estremismo di Lenin,Politica,Samonà e Savelli,1970,A4,,,,si
Lenin,Opere scelte II,Politica,Mosca,1949,A4,,,,si
Lenin,Sul movimento operaio italiano,Politica,Editori Riuniti,1962,A4,,,,si
Lenin,Opere scelte (2 copie),Politica,Editori Riuniti,1965,A4,,,,si
Lenin,Stato e rivoluzione,Politica,Editori Riuniti,1970,A4,,,,si
Lenin,Tre scritti sul marxismo,Politica,PCI ,1973,A4,,,,si
Lenin,L'imperialismo fase suprema del capitalismo,Politica,Lotta comunista,2002,A4,,,,si
Trotskij Lev,Il giovane Lenin,Politica,Mondadori,1971,A4,,,,si
AA. VV.,Studenti in Francia,Politica,Editori Riuniti,1968,A5,,,,si
AA. VV.,La via cecoslovacca al socialismo,Politica,Editori Riuniti,1968,A5,,,,si
AA. VV.,I cattolici e il dissenso,Politica,Editori Riuniti,1969,A5,,,,si
AA. VV.,La Chiesa si contesta,Politica,Editori Riuniti,1969,A5,,,,si
Allende Salvador,La forza della ragione,Politica,Editori Riuniti,1973,A5,,,,si
Barca Luciano,Il meccanismo unico,Politica,Editori Riuniti,1968,A5,,,,si
Broz Josip Tito,Socialismo jugoslavo,Politica,Editori Riuniti,1969,A5,,,,si
Carrillo Santiago,Democrazia e rivoluzione in Spagna,Politica,Editori Riuniti,1968,A5,,,,si
Corvalan Luis,Il Cile tra rivoluzione e reazione,Politica,Editori Riuniti,1973,A5,,,,si
Dubcek Alexander,Il nuovo corso in Cecoslovacchia,Politica,Editori Riuniti,1968,A5,,,,si
Engels Friedrich,La questione delle abitazioni,Politica,Editori Riuniti,1971,A5,,,,si
Engels Friedrich,L'evoluzione del socialismo dall'utopia alla scienza (2 copie),Politica,Editori Riuniti,1971,A5,,,,si
Forster Georg,Rivoluzione borghese ed emancipazione umana,Politica,Editori Riuniti,1974,A5,,,,si
Goldstucker Eduard,Libertà e socialismo,Politica,Editori Riuniti,1968,A5,,,,si
Kardelj Edvard,Burocrazia e classe operaia,Politica,Editori Riuniti,1969,A5,,,,si
Kosik Karel,La nostra crisi attualw,Politica,Editori Riuniti,1969,A5,,,,si
Longo Luigi,Sui fatti di Cecoslovacchia,Politica,Editori Riuniti,1968,A5,,,,si
Marx Karl,Salario prezzo e profitto (2 copie),Politica,Editori Riuniti,1971,A5,,,,si
Marx Karl,Forme economiche precapitalistiche,Politica,Editori Riuniti,1972,A5,,,,si
Marx Karl,La guerra civile in Francia,Politica,Editori Riuniti,1974,A5,,,,si
Merlin Tina,Avanguardia di classe e politica delle alleanze,Politica,Editori Riuniti,1969,A5,,,,si
Richta Radovan,Rivoluzione scientifica e socialismo,Politica,Editori Riuniti,1969,A5,,,,si
Theodorakis Mikis,Conquistare la libertà,Politica,Editori Riuniti,1968,A5,,,,si
Togliatti Palmiro,La politica culturale,Politica,Editori Riuniti,1974,A5,,,,si
AA. VV.,La patria non vuole più orfani,Politica,Nuove Edizioni Internazionali,1984,B1,,,,si
AA. VV.,La storia la memoria,Politica,Atti convegno,1987,B1,,,,si
AA. VV.,Mini guida al consumo critico e al boicottaggio,Politica,La Tortuga,2005,B1,,,,si
Bertorello Corradi,Capitalismo tossico,Politica,Alegre,2011,B1,,,,si
Caccavale Michele,Il grande inganno,Politica,Kaos ,1997,B1,,,,si
Colletti Lucio,Crisi delle ideologie,Politica,Club degli Editori,1980,B1,,,,si
Deakin F.W.D.,(2 copie),Politica,Club degli Editori,1972,B1,,,,si
Dinelli-Bernardini,I laboratori toscani della democrazia e del Risorgimento,Politica,ETS,2003,B1,,,,si
Fiori Giuseppe,Vita di Enrico Berlinguer,Politica,L'Unità/Laterza,1989,B1,,,,si
Galloni Nino,Il grande mutuo,Politica,Editori Riuniti,2007,B1,,,,si
Marx-Engels,Manifesto del partito comunista,Politica,Liberazione ,1998,B1,,,,si
Romano Sergio,Guida alla politica estera italiana,Politica,Rizzoli,1993,B1,,,,si
Santarelli Enzo,Fascismo e neofascismo,Politica,Enti Locali,1972,B1,,,,si
Scheda Rinaldo,il sindacato che cambia,Politica,Sindacale Italiana,1979,B1,,,,si
Stalin I.V.,Questioni del leninismo I-II,Politica,L'Unità,1945,B1,,,,si
Stalin I.V.,Principi del leninismo,Politica,Samonà e Savelli,1970,B1,,,,si
Togliatti Palmiro,Suk movimento operaio internazionale,Politica,Editori Riuniti,1964,B1,,,,si
Togliatti Palmiro,Momenti della storia d'Italia,Politica,Editori Riuniti,1974,B1,,,,si
Togliatti Palmiro,Gramsci e il leninismo,Politica,Robin Edizioni,2000,B1,,,,si
AA. VV.,La questione sociale,Politica,Sansoni,1971,B2,,,,si
AA. VV.,Sierocoinvoltə,Politica,ERIS,2023,B2,,,,si
Bernardini Albino,Un anno a Pietralata,Politica,Nuova Italia,1973,B2,,,,si
Bertorello Marco,Non c'è euro che tenga,Politica,Alegre,2014,B2,,,,si
Boffa Giuseppe,Dopo Krusciov,Politica,Einaudi,1965,B2,,,,si
Bologna Sergio,Tempesta perfetta sui mari,Politica,Derive Approdi,2017,B2,,,,si
De Rosa Gabriele,La crisi dell'ONU,Politica,Cultura Sociale,1951,B2,,,,si
Dickie John,Onorate società,Politica,Mondadori,2012,B2,,,,si
Guevara Ernesto,Sulla Sierra con Fidel,Politica,Editori Riuniti,1965,B2,,,,si
Guevara Ernesto,Il marxismo vivente del Che,Politica,Nuove Edizioni Internazionali,1995,B2,,,,si
Hassel Sven,General,Politica,Rizzoli,1983,B2,,,,si
Hill Christopher,Lenin e la rivoluzione russa ,Politica,Einaudi,1965,B2,,,,si
Huberman Sweezy,Il socialismo a Cuba,Politica,Dedalo Libri,1971,B2,,,,si
Millet Toussaint,Debitocrazia,Politica,Alegre,2011,B2,,,,si
Pap Kan,Nelson Mandela una luce per tutti,Politica,Cose d'Africa,2017,B2,,,,si
Rinaldi Sobrero,La memoria che resta,Politica,Aramirè,2004,B2,,,,si
Sivak Martin,Evo Morales Ritratto intimo di un presidente,Politica,Alegre,2012,B2,,,,si
Sole Giovanni,Questa grande umanità,Politica,Newton,1997,B2,,,,si
Guevara Ernesto,I giovani,Politica ,Baldini&Castoldi,1997,B2,,,,si
Badaloni Nicola,Dialettica del capitale,Politica,Editori Riuniti,1980,B3,,,,si
Bertoni Jovine Dina,La scuola italiana dal 1870 ai giorni nostri,Politica,Editori Riuniti,1967,B3,,,,si
Bini-Del Cornò-Giannantoni,L'autoritarismo nella scuola,Politica,Editori Riuniti,1969,B3,,,,si
Colombi Arturo,Vita di militante,Politica,Editori Riuniti,1975,B3,,,,si
Lepre Levrero,La formazione del partito comunista d'Italia,Politica,Editori Riuniti,1971,B3,,,,si
Manacorda Mario,Marx e la pedagogia moderna,Politica,Editori Riuniti,1966,B3,,,,si
Maugeri Leonardo,L'era del petrolio,Politica,Feltrinelli,2006,B3,,,,si
Pesenti Antonio,Manuale di economia politica  I-II (due copie),Politica,Editori Riuniti,1972,B3,,,,si
Schaff Adam,L'alienazione come fenomeno sociale,Politica,Editori Riuniti,1979,B3,,,,si
Schlesinger Rudolf,La teoria del diritto nell'Unione Sovietica,Politica,Einaudi,1952,B3,,,,si
AA. VV.,La burocrazia,Politica,Samonà e Savelli,1969,B4,,,,si
AA. VV.,Il partito rivoluzionario: un problema aperto,Politica,Samonà e Savelli,1969,B4,,,,si
AA. VV.,I consigli operai,Politica,Samonà e Savelli,1972,B4,,,,si
AA. VV.,Con Marx alle porte - I 37 giorni della FIAT,Politica,Nuove Edizioni Internazionali,1980,B4,,,,si
AA. VV.,Gorbaciov e la crisi del socialismo reale,Politica,Nuove Edizioni Internazionali,1988,B4,,,,si
AA. VV.,Onda anomala,Politica,Alegre,2008,B4,,,,si
Avrich Paul,Kronstadt 1921,Politica,Mondadori,1971,B4,,,,si
Bucharin N.I.,L'economia mondiale e l'imperialismo,Politica,Samonà e Savelli,1966,B4,,,,si
Chamberlin W.H.,Storia della rivoluzione russa I- II-III,Politica,il Saggiatore,1967,B4,,,,si
Fischer Louis,Vita di Lenin I-II,Politica,Il Saggiatore,1967,B4,,,,si
Lenin,Che fare?,Politica,Editori Riuniti,1974,B4,,,,si
Lenin,La Comune di Parigi,Politica,Editori Riuniti,1974,B4,,,,si
Maitan Livio - Di Giuliomaria Sirio,La costruzione del partito rivoluzionario,Politica,Nuove Edizioni Internazionali,1967,B4,,,,si
Moscato Antonio,Il filo spezzato,Politica,Adriatica,1996,B4,,,,si
Pajetta Giuliano,Douce France - Diario 1941/1942,Politica,Salemi,1988,B4,,,,si
Pajetta Giuliano,Le crisi che ho vissuto,Politica,Editori Riuniti,1982,B4,,,,si
Bakunin Michail,Rivolta e libertà,Politica,Editori Riuniti,1971,B5,,,,si
Marx Karl,Lineamenti fondamentali della critica dell'economia politica,Politica,La Nuova Italia,1970,B5,,,,si
Marx Karl,Il capitale,Politica,Editori Riuniti,1974,B5,,,,si
Marx Karl,Lavolro salariato e capitale,Politica,Editori Riuniti,1971,B5,,,,si
Marx-Engels,Opere scelte,Politica,Editori Riuniti,1966,B5,,,,si
Vo Nguyen Gap,Guerra di popolo,Politica,Editori Riuniti,1968,B5,,,,si
AA. VV.,Perché l' ecosocialismo,Politica,Sinistra anticapit.,?,C1,,,,si
Blumer Giovanni,La rivoluzione culturale cinese,Politica,Feltrinelli,1969,C1,,,,si
Cannavò Salvatore,Mutualismo. Ritorno al futuro per la sinistra,Politica,Alegre,2018,C1,,,,si
Guillermaz Jacques,Storia del partito comunista cinese,Politica,Feltrinelli,1970,C1,,,,si
Hicks John,Capitale e sviluppo,Politica,il Saggiatore,1971,C1,,,,si
Landini Feliziani,Cambiare la fabbrica per cambiare il mondo,Politica,Bompiani,2011,C1,,,,si
Mao Tse-Dun,Scritti scelti Voll- 1-5,Politica,Edizioni Rinascita,1964,C1,,,,si
Rostagno-Gentile,Il suono di una sola mano,Politica,il Saggiatore,2011,C1,,,,si
Snow Edgar,Stella rossa sulla Cina,Politica,Einaudi,1965,C1,,,,si
Bollati Giulio,L'italiano,Politica,Einaudi,1983,C2,,,,si
Colombi Arturo,Nelle mani del nemico,Politica,Rinascita,1950,C2,,,,si
De Masi Domenico,Lavorare gratis lavorare tutti,Politica,Rizzoli,2017,C2,,,,si
Fassino Piero,Per passione,Politica,Rizzoli,2003,C2,,,,si
Govoni Nicolò,Attraverso i nostri occhi,Politica,Rizzoli,2020,C2,,,,si
McLellan David,Karl Marx. La sua vita e il suo pensiero,Politica,Rizzoli,1976,C2,,,,si
Reinhart Tanya,Distruggere la Palestina,Politica,il Saggiatore,2004,C2,,,,si
Salama-Valier,Che cosa è l'economia politica,Politica,Jaca Book,1976,C2,,,,si
Togliatti Palmiro,La via italiana al socialismo (2 copie),Politica,Editori Riuniti,1964,C2,,,,si
Togliatti Palmiro,Il partito comunista italiano,Politica,Editori Riuniti,1961,C2,,,,si
Togliatti Palmiro,Da Radio Milano Libertà,Politica,Rinascita,1974,C2,,,,si
Tondi Alighiero,Vaticano e neofascismo,Politica,Cultura Sociale,1952,C2,,,,si
Trivelli Renzo,L'impegno e la memoria,Politica,Rubbettino,2001,C2,,,,si
Tumiati Gaetano,Buongiorno Cina,Politica,Avanti!,1954,C2,,,,si
Uboldi Raffaello,Il cittadino Sandro Pertini,Politica,Rizzoli,1982,C2,,,,si
Badaloni Nicola,Il problema dell'immanenza nella filosofia politica di Antonio Gramsci,Politica,Arsenale,1988,C3,,,,si
Bigi Giulio,I fatti del 7 luglio (Reggio Emilia 1960),Politica,Rinascita,?,C3,,,,si
Cerroni Umberto,Il pensiero politico dalle origini ai nostri giorni,Politica,Editori Riuniti,1966,C3,,,,si
Gilbert Felix,Machiavelli e Guicciardini,Politica,Einaudi,1970,C3,,,,si
Gramsci Antonio,Il materialismo storico e la filosofia di Benedetto Croce,Politica,Einaudi,1972,C3,,,,si
Gramsci Antonio,Scritti politici,Politica,Editori Riuniti,1973,C3,,,,si
Lombardo Radice L. Carbone G.,Vita di Antonio Gramsci,Politica,Cultura Sociale,1952,C3,,,,si
Machiavelli Niccolò,Opere scelte,Politica,Editori Riuniti,1973,C3,,,,si
Maitan Livio,Il marxismo rivoluzionario di Antonio Gramsci,Politica,Nuove Edizioni Internazionali,1997,C3,,,,si
Parodi Lorenzo,Critica del sindacato riformista,Politica,Lotta comunista,1987,C3,,,,si
Reale Mario,Le ragioni della politica,Politica,Edizioni Ateneo,1983,C3,,,,si
Rossi Giampiero,La lana della salamandra,Politica,Ediesse,2008,C3,,,,si
Sabado-Le Moal,L'ascesa del nazismo,Politica,opuscolo,?,C3,,,,si
Gramsci Antonio,Opere Voll. 1-7,Politica,Einaudi,1955,C4,,,,si
Lenin,Opere (12 volumi),Politica,Editori Riuniti,1951,C4,,,,si
Marx Karl,Il Capitale I e III (7 volumi),Politica,Peruzzo,1980,C5,,,,si
Minguzzi Luciano,200 anni di storia rivoluzionaria,Politica,Peruzzo,1980,C5,,,,si
AA. VV.,"Critica marxista VI,2",Politica,rivista,1968,D1,,,,si
AA. VV.,"Critica marxista X,6",Politica,rivista,1972,D1,,,,si
AA. VV.,Trattato marxista di economia politica II,Politica,Editori Riuniti,1973,D1,,,,si
Badaloni Nicola,Il marxismo italiano degli anni Sessanta,Politica,Editori Riuniti,1971,D1,,,,si
Bronzo A.,La vittoria dell'apparato,Politica,Ottaviano,1977,D1,,,,si
De Magistris Luigi,Assalto al PM,Politica,Chiarelettere,2010,D1,,,,si
Dobb Maurice,Teoria economica e socialismo (due copie),Politica,Editori Riuniti,1974,D1,,,,si
Ferrara Maurizio,Mal di Russia,Politica,Leonardo,1965,D1,,,,si
Fracassi Franco,Biolab,Politica,Fracassi,2022,D1,,,,si
Gilas Milovan,Compagno Tito,Politica,Mondadori,1980,D1,,,,si
Ginzburg Carlo,Il giudice e lo storico,Politica,Einaudi,1991,D1,,,,si
Hirschmann Albert,Le passioni e gli interessi,Politica,Feltrinelli,1979,D1,,,,si
Molinelli Edoardo,Euzkadi,Politica,Hellnation,2017,D1,,,,si
Rousseau Jean-Jacques,Il contratto sociale,Politica,Einaudi,1966,D1,,,,si
Smith Adam,La ricchezza delle nazioni,Politica,Editori Riuniti,1971,D1,,,,si
AA. VV.,XXIII Congresso del PCUS,Politica,Editori Riuniti,1966,D2,,,,si
AA. VV.,II congresso della Internazionale comunista,Politica,Samonà e Savelli,1970,D2,,,,si
AA. VV.,III congresso della Internazionale comunista,Politica,Samonà e Savelli,1970,D2,,,,si
AA. VV.,IV congresso della Internazionale comunista,Politica,Samonà e Savelli,1971,D2,,,,si
AA. VV.,Israele senza confini,Politica,Sapere 2000,1984,D2,,,,si
Achcar Gilbert,L'Oriente incandescente,Politica,Shahrazad,?,D2,,,,si
Branca-Cuciniello,Destini incrociati. Europa e Islam,Politica,Fondazione Boroli,2006,D2,,,,si
Degras Jane,Storia dell'Internazionale comunista,Politica,Feltrinelli,1975,D2,,,,si
Foa Vittorio,Passaggi,Politica,Einaudi,2000,D2,,,,si
Gabeira Fernando,Che ti succede compagno?,Politica,Feltrinelli,1981,D2,,,,si
Giachetti Diego,I dilemmi di Trotsky,Politica,Redstar,2017,D2,,,,si
Maitan Livio,Per una storia della IV Internazionale,Politica,Alegre,2006,D2,,,,si
Napolitano-Scalfari,Intervista al Presidente,Politica,Repubblica,2013,D2,,,,si
Ragionieri Ernesto,Il marxismo e l'Internazionale,Politica,Editori Riuniti,1968,D2,,,,si
Saviano Roberto,L'Italia salvata dall'economia criminale?,Politica,Repubblica,2013,D2,,,,si
Togliatti Palmiro,XX Congresso del PCUS,Politica,Editori Riuniti,1956,D2,,,,si
Traverso Enzo,La loro morale e la nostra. Il profeta muto: Trotskij oggi,Politica,Nuove Edizioni Internazionali,1995,D2,,,,si
Trotskij Lev,Il programma di transizione,Politica,Nuove Edizioni Internazionali,1995,D2,,,,si
Vercelli Claudio,Storia del conflitto israelo-palestinese,Politica,Laterza,2010,D2,,,,si
Gramsci Antonio,La formazione dell'uomo,Politica,Editori Riuniti,1967,D3,,,,si
Gramsci Antonio,Passato e presente,Politica,Editori Riuniti,1974,D3,,,,si
Gramsci Antonio,Il Risorgimento,Politica,Editori Riuniti,1971,D3,,,,si
Gramsci Antonio,Note sul Machiavelli,Politica,Editori Riuniti,1974,D3,,,,si
Gramsci Antonio,Il materialismo storico ,Politica,Editori Riuniti,1971,D3,,,,si
Gramsci Antonio,Scritti politici (2 volumi),Politica,Editori Riuniti,1973,D3,,,,si
Gramsci Antonio,Letteratura e vita nazionale,Politica,Editori Riuniti,1971,D3,,,,si
Gramsci Antonio,Antologia popolare degli scritti e delle lettere,Politica,Editori Riuniti,1957,D3,,,,si
Gramsci Antonio,Lettere dal carcere 2,Politica,l'Unità,1988,D3,,,,si
Paggi Leonardo,Antonio Gramsci e il moderno principe,Politica,Editori Riuniti,1970,D3,,,,si
AA. VV.,I bolscevichi e la rivoluzione d'ottobre,Politica,Editori Riuniti,1962,D4,,,,si
Carr Edward,La rivoluzione bolscevica,Politica,Einaudi,1964,D4,,,,si
Gramsci Antonio,Passato e presente,Politica,Einaudi,1954,D4,,,,si
Gramsci Antonio,Il Risorgimento (2 copie),Politica,Einaudi,1954,D4,,,,si
Gramsci Antonio,Note sul Machiavelli (2 copie),Politica,Einaudi,1955,D4,,,,si
Gramsci Antonio,Letteratura e vita nazionale,Politica,Einaudi,1954,D4,,,,si
Gramsci Antonio,Gli intellettuali,Politica,Einaudi,1955,D4,,,,si
Gramsci Antonio,Scritti giovanili 1914-1918,Politica,Einaudi,1958,D4,,,,si
Gramsci Antonio,L'ordine nuovo 1919-1920,Politica,Einaudi,1955,D4,,,,si
Barth Hans ,Verità e ideologia,Politica,Il Mulino,1971,D5,,,,si
Kautsky Karl,Il programma di Erfurt,Politica,Samonà e Savelli,1971,D5,,,,si
Labriola Antonio,Saggi sul materialismo storico,Politica,Editori Riuniti,1964,D5,,,,si
Mannheim Karl,Ideologia e utopia,Politica,Il Mulino,1972,D5,,,,si
Marcuse Herbert,Ragione e rivoluzione,Politica,Il Mulino,1966,D5,,,,si
Mongardini Carlo,Ideologia e società,Politica,Bulzoni,1969,D5,,,,si
Mosca Gaetano,La classe politica,Politica,Laterza,1972,D5,,,,si
Suchanov Nikolaj,Cronache della rivoluzione russa I-II,Politica,Editori Riuniti,1967,D5,,,,si
AA. VV.,Nucleare? No grazie,Politica,Amici della Terra,1979,E1,,,,si
AA. VV.,La famiglia nella storia,Politica,Einaudi,1979,E1,,,,si
AA. VV.,Lezioni di sociologia,Politica,Einaudi,1966,E1,,,,si
Althusser Louis,Montesquieu,Politica,Samonà e Savelli,1969,E1,,,,si
De Giovanni Biagio,La teoria politica delle classi nel Capitale,Politica,De Donato,1976,E1,,,,si
Durkheim Emilio,Le regole del metodo sociologico,Politica,Sansoni,1964,E1,,,,si
Fiorot Dino,Il realismo politico di Vilfredo Pareto,Politica,Comunità,1969,E1,,,,si
Freund Julien,Sociologia di Max Weber,Politica,il Saggiatore,1972,E1,,,,si
Goffman Erving,La vita quotidiana come rappresentazione,Politica,Il Mulino,1969,E1,,,,si
Hawthorn Geoffrey,Storia della sociologia,Politica,Il Mulino,1980,E1,,,,si
Marcos,La quarta guerra mondiale è cominciata,Politica,Il manifesto,?,E1,,,,si
Perrin Guy,La sociologia di Pareto,Politica,Il Saggiatore,1971,E1,,,,si
Roll Eric,Storia del pensiero economico,Politica,Boringhieri,1977,E1,,,,si
Scala-Francione,Delinquenza giovanile,Politica,Edizioni Gee,1992,E1,,,,si
Smith Adam,Morale dei sentimenti e ricchezza delle nazioni,Politica,Guida,1974,E1,,,,si
Terray Emmanuel,Il marxismo e le società primitive,Politica,Samonà e Savelli,1969,E1,,,,si
Valier Jacques,La teoria dell'imperialismo in Lenin e Rosa Luxemburg,Politica,Samonà e Savelli,1972,E1,,,,si
AA. VV.,Fascismo vecchio e nuovo,Politica,opuscolo,1993,E2,,,,si
AA. VV.,Stop Vietnam,Politica,ACPOL,1970,E2,,,,si
AA. VV.,Utopia and distopia,Politica,Ferraro,1983,E2,,,,si
Bucharin N.I.,Critica dell'economia politica,Politica,Samonà e Savelli,1970,E2,,,,si
Cannavò Salvatore,La rifondazione mancata,Politica,Alegre,2009,E2,,,,si
Chomsky Noam,Egemonia o sopravvivenza,Politica,il Saggiatore,2005,E2,,,,si
Chomsky Noam,Sulla nostra pelle,Politica,Tropea,1999,E2,,,,si
Croce Benedetto,Materialismo storico ed economia marxistica,Politica,Laterza,1973,E2,,,,si
Giachetti Diego,Il '68 in Italia,Politica,BS edizioni,2018,E2,,,,si
Leon Abram,Il marxismo e la questione ebraica,Politica,Samonà e Savelli,1968,E2,,,,si
Moscato Antonio,Sinistra e potere,Politica,Sapere 2000,1983,E2,,,,si
Pajetta Giuliano,La Russia rivoluzionaria,Politica,Salemi,1988,E2,,,,si
Rjazanov D.B. ,Marx ed Engels,Politica,Samonà e Savelli,1969,E2,,,,si
Sereni Emilio,Capitalismo e mercato nazionale in Italia,Politica,Editori Riuniti,1966,E2,,,,si
Serge Victor,L'anno primo della rivoluzione russa,Politica,Einaudi,1967,E2,,,,si
Simeone Nando,Gli studenti della Pantera,Politica,Alegre,2010,E2,,,,si
Simeone Nando,1968 La rivolta necessaria,Politica,Redstar,2018,E2,,,,si
Teodori Massimo,Storia delle nuove sinistre in Europa (1956-1976),Politica,Il Mulino,1976,E2,,,,si
AA. VV.,Storia delle rivoluzioni del XX secolo,Politica,Editori Riuniti,1966,E3,,,,si
Benedikter Thomas,Democrazia diretta. Più potere ai cittadini,Politica,Sonda,2008,E3,,,,si
Giachetti-Ranghino,Il resistente,Politica,Alegre,2012,E3,,,,si
Herr Michael,Dispacci. L'orrore del Vietnam,Politica,Rizzoli,2016,E3,,,,si
Locke John,Trattato sul governo,Politica,Editori Riuniti,1980,E3,,,,si
Manacorda Mario,Perché non possiamo non dirci comunisti,Politica,Editori Riuniti,1997,E3,,,,si
Montanari Tomaso,Cassandra muta,Politica,GruppoAbele,2017,E3,,,,si
Ravera Camilla,Diario di trent'anni 1913-1943,Politica,Editori Riuniti,1973,E3,,,,si
Weber Max,L'etica protestante e lo spirito del capitalismo,Politica,Sansoni,1965,E3,,,,si
AA. VV.,La coscienza di sfruttata,Politica,Mazzotta,1972,F1,,,,si
AA. VV.,Diritti del sesso e matrimonio,Politica,Mondadori,1968,F1,,,,si
AA. VV.,Codice donna,Politica,Poligrafico stato,1985,F1,,,,si
Fana Marta,"Non è lavoro, è sfruttamento",Politica,Laterza,2017,F1,,,,si
Klein Naomi,No Logo,Politica,Baldini&Castoldi,2002,F1,,,,si
Mitchell Juliet,La condizione della donna,Politica,Einaudi,1972,F1,,,,si
Pankratova A. M.,I consigli di fabbrica nella Russia del 1917,Politica,Samonà e Savelli,1970,F1,,,,si
AA. VV.,Impegno delle associazioni femminili per la ricostruzione,Politica,AOR,1981,F2,,,,si
AA. VV.,Donna e abuso sessuale,Politica,FrancoAngeli,1993,F2,,,,si
AA. VV.,Paura,Politica,Rivista,2022,F2,,,,si
AA. VV.,Maternità e imperialismo,Politica,Rivista,1978,F2,,,,si
Ben Mhenni Leena,Tunisian girl,Politica,Alegre,2011,F2,,,,si
Friedan Betty,La mistica della femminilità,Politica,Comunità,1972,F2,,,,si
Grisendi Adele,La famiglia rossa,Politica,Sperling & Kupfer,2003,F2,,,,si
Kupskaia Nadezda,La mia vita con Lenin (2 copie),Politica,Editori Riuniti,1956,F2,,,,si
Masera  Fulvia,La meta è il viaggio,Politica,Opuscolo,2006,F2,,,,si
Nachira Cinzia,Identità e conflitto,Politica,Shahrazad,?,F2,,,,si
Reed Evelyn,Sesso contro sesso o classe contro classe?,Politica,Samonà e Savelli,1973,F2,,,,si
Saraceno Chiara,Anatomia della famiglia,Politica,De Donato,1876,F2,,,,si
Ulianova Olga,Mio zio Lenin,Politica,Napoleone,1992,F2,,,,si
AA. VV.,Sebben che siamo donne,Politica,Alegre,2011,F3,,,,si
Laurenzi Laura ,Vita da ricchi,Politica,Rizzoli,1987,F3,,,,si
AA. VV.,XI Congresso del partito comunista italiano,Politica,Editori Riuniti,1966,PCI,,,,si
AA. VV.,XII Congresso del partito comunista italiano,Politica,Editori Riuniti,1969,PCI,,,,si
AA. VV.,XIII Congresso del partito comunista italiano,Politica,Editori Riuniti,1972,PCI,,,,si
AA. VV.,Enrico Berlinguer,Politica,L'Unità,1985,PCI,,,,si
AA. VV.,Rinascita 1944-1945,Politica,Editori Riuniti,1974,PCI,,,,si
AA. VV.,Almanacco PCI '79 (2 copie),Politica,PCI,1979,PCI,,,,si
AA. VV.,Almanacco PCI '81,Politica,PCI,1981,PCI,,,,si
AA. VV.,Sessanta anni nella storia,Politica,PCI,1981,PCI,,,,si
AA. VV.,Documenti politici dall'XI al XII congresso,Politica,PCI,1969,PCI,,,,si
AA. VV.,XII congresso del PCI. Progetto di tesi,Politica,PCI,1969,PCI,,,,si
AA. VV.,XII congresso del PCI. Rapporto di attività del C:C:,Politica,PCI,1969,PCI,,,,si
AA. VV.,XII congresso del PCI. Dati sulla organizzazione ,Politica,PCI,1969,PCI,,,,si
AA. VV.,Documenti politici dall'XII al XIII congresso,Politica,PCI,1972,PCI,,,,si
AA. VV.,PCI '71,Politica,PCI,1971,PCI,,,,si
AA. VV.,Fuori dal PCI…,Politica,Bertani,1978,PCI,,,,si
AA. VV.,Almanacco PCI '77,Politica,PCI,1977,PCI,,,,si
AA. VV.,Il PCI e il movimento operaio internazionale 1956-1968,Politica,Editori Riuniti,1968,PCI,,,,si
Amendola Berlinguer Colajanni Ingrao Reichlin,I comunisti e il Mezzogiorno,Politica,Editori Riuniti,1972,PCI,,,,si
Amendola Giorgio,Fascismo e mezzogiorno,Politica,Editori Riuniti,1973,PCI,,,,si
Amendola Giorgio,I comunisti e l'Europa,Politica,Editori Riuniti,1971,PCI,,,,si
Amendola Giorgio,Storia del PCI 1921-1943,Politica,Editori Riuniti,1978,PCI,,,,si
Barca Luciano,Cronache dall'interno del vertice del PCI,Politica,Rubbettino,2005,PCI,,,,si
Berlinguer Enrico,Unità del popolo per salvare l'Italia,Politica,Editori Riuniti,1975,PCI,,,,si
Berlinguer Enrico,La questione morale,Politica,Aliberti,2011,PCI,,,,si
Berlinguer Enrico,XIII Congresso PCI. Relazione e conclusioni al C.C.,Politica,PCI,1972,PCI,,,,si
Berlinguer Enrico,La questione comunista 1-2,Politica,Editori Riuniti,1975,PCI,,,,si
Di Giulio Fernando,L'impegno dei comunisti per lo sviluppo delle lotte,Politica,PCI,1971,PCI,,,,si
Gruppi-Modica,Il partito comunista italiano (1921-1955),Politica,Editori Riuniti,1955,PCI,,,,si
Longo Luigi,In'alternativa per uscire dalla crisi,Politica,Editori Riuniti,1969,PCI,,,,si
Longo Luigi,I centri dirigenti del PCI nella Resistenza,Politica,Editori Riuniti,1973,PCI,,,,si
Longo-Berlinguer,La politica comunista,Politica,Editori Riuniti,1969,PCI,,,,si
Longo-Berlinguer,La conferenza di Mosca,Politica,Editori Riuniti,1969,PCI,,,,si
Massari-Leonetti,All'opposixione nel PCI con Trotsky e Gramsci,Politica,Controcorrente,1977,PCI,,,,si
Modica Enzo,La repubblica delle autonomie,Politica,Editori Riuniti,1968,PCI,,,,si
Napolitano Giorgio,Proposta di progetto a medio termine,Politica,Editori Riuniti,1977,PCI,,,,si
Spriano Paolo,Storia del partito comunista italiano I-II-IV,Politica,Einaudi,1973,PCI,,,,si
Spriano Paolo,1946-1956 Le passioni di un decennio,Politica,L'Unità,1992,PCI,,,,si
Spriano Paolo,Storia del Partito comunista italiano 1-8,Politica,Einaudi,1975,PCI,,,,si
Spriano Paolo,Gramsci in carcere e il Partito,Politica,L'Unità,1988,PCI,,,,si
Togliatti Palmiro,L'opera di De Gasperi,Politica,Parenti,1958,PCI,,,,si
Togliatti Palmiro,Il partito. Scritti e discorsi,Politica,PCI,1973,PCI,,,,si
Togliatti Palmiro,Opere (5 volumi),Politica,Editori Riuniti,1979,PCI,,,,si
Togliatti Palmiro,Opere scelte,Politica,Editori Riuniti,1974,PCI,,,,si
Togliatti Palmiro,Opere I e III,Politica,Editori Riuniti,1967,PCI,,,,si
Togliatti Palmiro,Il PCI e la svolta del 1956,Politica,Rinascita,1986,PCI,,,,si
Togliatti Palmiro,La formazione del gruppo dirigente del PCI nel 1923-1924,Politica,Editori Riuniti,1969,PCI,,,,si
AA. VV.,"Politica ed economia 1-2, 5, 6",Politica,rivista,1975,E5,,,,si
AA. VV.,Un anno in Europa 77/78,Politica,Bulgarini,1978,E5,,,,si
AA. VV.,Un anno nel mondo 78/79,Politica,Bulgarini,1979,E5,,,,si
AA. VV.,KGB La lista che divide l'Italia,Politica,L'Espresso,1999,E5,,,,si
Ambrosini Giangiulio,La Costituzione spiegata a mia figlia,Politica,Einaudi,2004,E5,,,,si
Ferrara Mario,La costituzione italiana,Politica,ERI,1961,E5,,,,si
Fabietti Renato,La costituzione italiana,Politica,Mursia,1989,E5,,,,si
Colombini Alessandro,Strikers,Politica,Red Star,2018,E5,,,,si
AA. VV.,Per una sinistra alternativa,Politica,Alegre,2007,E5,,,,si
AA. VV.,Il dossier del catechismo olandese,Psicologia,Mondadori,1968,D2,,,,si
Berger-Ketterer,Perché limitarsi a sognare?,Psicologia,Feltrinelli,1999,F4,,,,si
Bianchi Enzo,Le vie della felicità,Psicologia,Rizzoli,2010,D2,,,,si
Bianchi Enzo,Il pane di ieri,Psicologia,Einaudi,2008,D2,,,,si
Bianchi Enzo,Ogni cosa alla sua stagione,Psicologia,Einaudi,2010,D2,,,,si
Borgna Eugenio,Le emozioni ferite,Psicologia,Feltrinelli,2009,D2,,,,si
Borgna Eugenio,La solitudine dell'anima,Psicologia,Feltrinelli,2011,D2,,,,si
Buttarini-Vantaggiato,Donne criminali,Psicologia,Experta,2008,D2,,,,si
Del Bo Boffino Anna,Figli di mamma,Psicologia,Rizzoli,1981,F3,,,,si
Fordham Michael,Il bambino come individuo,Psicologia,Sansoni,1979,D2,,,,si
Freud Sigmund,Totem e tabù,Psicologia,Newton Compton,1984,D2,,,,si
Freud Sigmund,Tre saggi sulla sessualità,Psicologia,Newton Compton,1988,D2,,,,si
Freud Sigmund,Sogno ipnosi e suggestione,Psicologia,Newton Compton,1973,D2,,,,si
Freud Sigmund,Il sogno e la sua intepretazione,Psicologia,Newton Compton,1993,D2,,,,si
Freud Sigmund,L'interpretazione dei sogni,Psicologia,Boringhieri,1973,D2,,,,si
Fromm Erich,L'arte d'amare,Psicologia,Il Saggiatore,1963,D2,,,,si
Fromm Erich,Avere o essere?,Psicologia,Mondadori,1996,D2,,,,si
Galimberti Umberto,La terra senza il male,Psicologia,Feltrinelli,1988,D2,,,,si
Gianini Belotti Elena,Non di sola madre,Psicologia,Rizzoli,1983,F3,,,,si
Gockel Renate,Donne che mangiano troppo,Psicologia,Feltrinelli,1997,F3,,,,si
Irigaray Luce,Amo a te,Psicologia,Boringhieri,1993,F2,,,,si
Kite-Colleran,"Uomini da amare, uomini da evitare",Psicologia,Sperling & Kupfer,1991,F4,,,,si
Makarenko A.S.,Poema pedagogico,Psicologia,Editori Riuniti,1952,D2,,,,si
Makarenko A.S.,Il mestiere di genitore I-II,Psicologia,Editori Riuniti,1961,D2,,,,si
Mancuso Vito,La vita autentica,Psicologia,Cortina,2009,D2,,,,si
Mancuso Vito,Io e Dio,Psicologia,Garzanti,2011,D2,,,,si
Miller Alice,Il dramma del bambino dotato,Psicologia,Boringhieri,1990,F3,,,,si
Moltmann Juergen,In dialogo con Ernst Bloch,Psicologia,Queriniana,1979,D2,,,,si
Phillips Asha,I no che aiutano a crescere,Psicologia,Feltrinelli,2015,F3,,,,si
Pinker Steven,Fatti di parole,Psicologia,Mondadori,2009,D2,,,,si
Pinkola Estés Clarissa ,Donne che corrono coi lupi,Psicologia,Frassinelli,1993,F2,,,,si
Recalcati Massimo,Incontrare l'assenza,Psicologia,ASMEPA,2016,D2,,,,si
Russo Fabrizio,Lineamenti di psicologia criminale e investigativa,Psicologia,Celid,2010,D2,,,,si
Santucci Luigi,Volete andarvene anche voi?,Psicologia,Mondadori,1969,D2,,,,si
Thomae Hans,Conflitto decisione responsabilità,Psicologia,Città nuova,1978,D2,,,,si
Trickett-Albisetti,L'ansia e la depressione,Psicologia,Paoline ,1991,D2,,,,si
Watzlawick Paul,Istruzioni per rendersi infelici,Psicologia,Feltrinelli,1997,D2,,,,si
AA. VV.,"Contenuti aperti, beni comuni",Scienze,McGraw Hill,2009,F2,,,,si
AA. VV.,Finalmente libero!,Scienze,McGraw Hill,2008,F2,,,,si
Bordese Claudia,Sesso selvaggio,Scienze,Instar libri,2010,F4,,,,si
AA. VV.,Memoria viva,Storia,Aampi,1998,A1,,,,si
AA. VV.,Storie segrete dell'ultima guerra,Storia,Selezione,1960,A2,,,,si
AA. VV.,Vita e morte del soldato italiano XIII e XVI,Storia,Ferni edizioni,1974,A2,,,,si
AA. VV.,Carteggio 1941-1945,Storia,Editori Riuniti,1965,A2,,,,si
AA. VV.,La civiltà contemporanea,Storia,Laterza,1966,A3,,,,si
AA. VV.,La lunga via per Roma,Storia,SO.GRA.BO,1970,A4,,,,si
AA. VV.,L'uomo del Rinascimento,Storia,Laterza,1988,A6,,,,si
AA. VV.,Giorni della nostra storia ,Storia,Mandragora,1997,B1,,,,si
AA. VV.,Donne e resistenza in Toscana,Storia,Opuscolo,-,B1,,,,si
AA. VV.,L'URSS nella II guerra mondiale,Storia,CEI,1978,B1,,,,si
AA. VV.,Dieci anni 1976-1985,Storia,Repubblica,1985,A3,,,,si
AA. VV.,Storia e memoria 2,Storia,rivista,2005,A2,,,,si
Giarelli La Bolina,Il secolo XIX. La storia. La marina e gli eserciti,Storia,Vallardi,?,B3,,,,si
Angeli Roberto,Vangelo nei lager (2 copie),Storia,La nuova Italia,1975,B1,,,,si
Battaglia Roberto,Storie della resistenza italiana,Storia,Einaudi,1964,A1,,,,si
Battaglia Roberto ,La seconda guerra mondiale,Storia,Editori riuniti,1971,A2,,,,si
Battaglia-Garritano,La resistenza italiana,Storia,Editori Riuniti,1974,A1,,,,si
Battaglia-Garritano,Breve storia della resistenza italiana,Storia,Editori Riuniti,1973,A1,,,,si
Bloch Marc,La società feudale,Storia,Einaudi,1999,B5,,,,si
Bloch Raymond,Gli Etruschi,Storia,Il Saggiatore,1959,B6,,,,si
Budriesi Aldo,Dall'Illuminismo a oggi. Quaderno di lavoro,Storia,Loescher,1996,B3,,,,si
Burckhardt Jakob,La civiltà del Rinascimento in Italia,Storia,Sansoni,1980,A6,,,,si
Busi Giulio,Lorenzo de'Medici,Storia,Mondadori,2016,A6,,,,si
Cammarano Fulvio,Storia dell'Italia liberale,Storia,Laterza,2011,B4,,,,si
Canfora Luciano,Storia della letteratura greca,Storia,Laterza,2001,B6,,,,si
Cantaluppi-Puppini,Non avendo mai preso un fucile tra le mani,Storia,ANPPIA,2023,B1,,,,si
Capello Luigi,Caporetto perché?,Storia,Einaudi,?,A3,,,,si
Caprarica Antonio,C'era una volta in Italia,Storia,Sperling & Kupfer,2010,B4,,,,si
Carcopino Jerome,La vita quotidiana a Roma,Storia,Laterza,1982,B6,,,,si
Cardini-Valzania,Dunkerque,Storia,Mondadori,2017,A3,,,,si
Cardini-Valzania,La scintilla,Storia,Mondadori,2014,A3,,,,si
Cervi Mario,Caporetto,Storia,Mondadori,1974,A3,,,,si
Cervi-Nicolai,Imiei 7 figli,Storia,Editori Riuniti,1974,A1,,,,si
Chabod Federico,Italia contemporanea (1918-1948),Storia,Einaudi,1961,A3,,,,si
Chabod Federico,Storia dell'idea d'Europa (2 copie),Storia,Laterza,1970,A3,,,,si
Chabod Federico,Storia della politica estera italiana I-II,Storia,Laterza,1965,B3,,,,si
Codino Fausto,Miti greci e romani,Storia,Laterza,1971,B6,,,,si
Constant Benjamin,Conquista e usurpazione,Storia,Einaudi,1944,A4,,,,si
Croce Benedetto,Storia d'italia dal 1871 al 1915,Storia,Laterza,1967,B3,,,,si
De Crescenzo Luciano,I grandi miti greci,Storia,Mondadori,2011,B6,,,,si
De Felice Renzo,Mussolini il fascista I-II,Storia,Einaudi,1966,B2,,,,si
De Felice Renzo,Mussolini il rivoluzionario ,Storia,Einaudi,1965,B2,,,,si
De Felice Renzo,Il fascismo,Storia,Laterza,1998,B2,,,,si
De Jaco Aldo,Gli anarchici,Storia,Editori Riuniti,1971,B4,,,,si
Della Peruta Franco,Democrazia e socialismo nel risorgimento,Storia,Editori Riuniti,1965,A4,,,,si
Demurger Alain,Crociate e crociate nel medioevo,Storia,Garzanti,2010,B5,,,,si
Donolo Luigi,La resistenza dimenticata,Storia,Debatte,2009,A1,,,,si
Duby Georges,L'arte e la società medievale,Storia,Laterza,1977,A6,,,,si
Duby Georges,Donne nello specchio del Medioevo,Storia,Laterza,1997,A6,,,,si
Duby Georges,L'Europa nel medioevo,Storia,Garzanti,1987,B5,,,,si
Duby Georges,L'anno mille,Storia,Einaudi,1976,B5,,,,si
Duby Georges,Lo specchio del feudalesimo,Storia,Laterza,1980,B5,,,,si
Duby Georges,Le origini dell'economia europea,Storia,Laterza,1975,B5,,,,si
Duby Georges,"Il cavaliere, la donna, il prete",Storia,Laterza,1982,B5,,,,si
Eco Umberto (a cura),"Il Medioevo- castelli, mercanti,poeti",Storia,EM Publisher,2011,A5,,,,si
Eco Umberto (a cura),"Il Medioevo- cattedrali, cavalieri, città",Storia,EM Publisher,2011,A5,,,,si
Eco Umberto (a cura),"Il Medioevo- Barbari, cristiani Musulmani",Storia,EM Publisher,2010,A5,,,,si
Eco Umberto (a cura),"Il Medioevo- esplorazioni, commercio, utopie",Storia,EM Publisher,2011,A5,,,,si
Eco Umberto (a cura),Il Novecento ,Storia,EM Publisher,2016,B4,,,,si
Eco Umberto (a cura),L'antichità - Roma,Storia,EM Publisher,2012,B6,,,,si
Etienne Robert,La vita quotidiana a Pompei,Storia,Il Saggiatore,1973,B6,,,,si
Ferguson Niall,Impero,Storia,Mondadori,2007,A3,,,,si
Fischer A.H.L,Storia d'Europa I-II-III,Storia,Laterza,1969,B3,,,,si
Furet - Richet,La rivoluzione francese,Storia,Laterza,1974,A4,,,,si
Fusco Gian Carlo,Guerra d'Albania,Storia,Feltrinelli,1961,A2,,,,si
Gasparri Stefano,Italia longobarda,Storia,Laterza,2012,B5,,,,si
Gentile Emilio,E fu subito regime,Storia,Laterza,2012,B2,,,,si
Guerri Giordano Bruno,Il sangue del sud,Storia,Mondadori,2010,B4,,,,si
Hobsbawm Eric ,Intervista sul nuovo secolo,Storia,Laterza,1999,A3,,,,si
Huizinga Johan,L'autunno del Medioevo,Storia,Sansoni,1940?,A6,,,,si
Innamorati Serena,Per l'unità della resistenza,Storia,La pietra,1990,B1,,,,si
Kerr Walter,Il segreto di stalingrado,Storia,Mondadori,1978,A2,,,,si
King Bolton,Storia dell'unità d'Italia 1814-1871 (4 copie),Storia,Editori Riuniti,1960,A4,,,,si
Kogan Norman,L'italia del dopoguerra,Storia,Laterza,1968,A3,,,,si
Kovaliov S.I.,Storia di Roma I-II,Storia,Rinascita,1954,B6,,,,si
Le Goff Jacques,La civiltà dell'occidente medievale,Storia,Einaudi,1981,A5,,,,si
Le Goff Jacques,Il basso Medioevo,Storia,Feltrinelli,1967,A6,,,,si
Le Goff Jacques,L'uomo medievale,Storia,Laterza,1987,B5,,,,si
Lerner Gad,Crociate,Storia,Rizzoli,2000,A5,,,,si
Lettori Waldis,Dalla guerra alla libertà,Storia,Italgraf,2004,A1,,,,si
Libenzi Ermanno,Ragazzi della resistenza,Storia,Mursia,1964,B1,,,,si
Mack Smith Denis,Il risorgimento italiano,Storia,Laterza,1968,A4,,,,si
Mack Smith Denis,Storia d'italia 1861-1958 I-II,Storia,Laterza,1967,B3,,,,si
Majskij Ivan,Perché scoppiò la seconda guerra mondiale,Storia,Editori Riuniti,1965,A2,,,,si
Mammuccari-Miserotti,Le donne condannate al tribunale speciale,Storia,ANPPIA,?,B1,,,,si
Mango Cyril,La civiltà bizantina,Storia,Laterza,2014,B6,,,,si
Montanelli - Cervi,Italia del millennio,Storia,Rizoli,2000,B3,,,,si
Moscato Antonio,La madre di tutte le guerre,Storia,La.Co.Ri,2014,A3,,,,si
Musti Domenico,Storia greca,Storia,Laterza,2006,B6,,,,si
Oliva Gianni,Foibe,Storia,Mondadori,2002,A2,,,,si
Ottokar Nicola,Il comune di Firenze del duegento,Storia,Einaudi,1962,B5,,,,si
Perroy Eduard,Il medioevo,Storia,Sansoni,1959,B5,,,,si
Petacco - Ferrari,Caporetto  ,Storia,Mondadori,2017,A3,,,,si
Petacco Arrigo,Il regno del nord,Storia,Mondadori,2009,B4,,,,si
Petacco Arrigo,O Roma o morte,Storia,Mondadori,2010,B4,,,,si
Phillips Jonathan,Sacri guerrieri,Storia,Laterza,2011,A6,,,,si
Pintor Gaime,Il sangue d'Europa,Storia,Einaudi,1975,A1,,,,si
Preston Paul,La guerra civile spagnola,Storia,Mondadori,1999,A2,,,,si
Prosperi Adriano,Lutero,Storia,Mondadori,2017,B4,,,,si
Puglia Franca,Il giorno della Shoah,Storia,Comune di Fondi,2007,A2,,,,si
Recchioni Massimo,"Francesco Moranino, il comandante Gemisto",Storia,DeriveApprodi,2013,B1,,,,si
Rey Delquè Monique,Le crociate,Storia,Electa,1997,A5,,,,si
Ricci Raimondo,Verso il XIII congresso nazionale (2 copie),Storia,Ampi,2000,A1,,,,si
Righini Alberto,"Galileo. Tra scienza, fede e politica",Storia,Compositori,2008,B4,,,,si
Ritter Gherard,La fromazione dell'Europa moderna,Storia,Laterza,1968,B3,,,,si
Rivarola Manrico,"La saga del ""Cremona""",Storia,Nuova Fortezza,1992,B1,,,,si
Romano Sergio,Le italie parallele,Storia,Longanesi,1996,A3,,,,si
Romeo Rosario,Risorgimento e capitalismo,Storia,Laterza,1972,A4,,,,si
Rossi Andrea,Fascisti toscani nella repubblica di Salò 1943-1945,Storia,Serantini,2000,B1,,,,si
Runciman Steven,Storia delle crociate II,Storia,Einaudi,1993,A5,,,,si
Saint-Simon Louis,Il Re Sole,Storia,Garzanti,1977,B4,,,,si
Saitta Armando,La civiltà medievale,Storia,Laterza,1969,B3,,,,si
Saitta Armando,La civiltà moderna,Storia,Laterza,1969,B3,,,,si
Saitta Armando,La civiltà contemporanea,Storia,Laterza,1969,B3,,,,si
Salvatorelli Luigi,Storia del novecento I-II,Storia,Mondadori,1957,A3,,,,si
Salvatorelli Luigi,Sommario della storia d'Italia,Storia,Einaudi,1963,A4,,,,si
Salvatorelli Luigi,Pensiero e azione del risorgimento,Storia,Einaudi,1963,A4,,,,si
Salvemini Gaetano,Scritti sul fascismo I-II,Storia,Feltrinelli,1966,B2,,,,si
Scappini Remo,Da Empoli a Genova (1945),Storia,La Pietra,1981,A1,,,,si
Scarcia Amoretti Bianca.,Un altro medioevo,Storia,Laterza,2001,B5,,,,si
Secchia-Frassati,Storia della resistenza 1-2 (2 copie),Storia,Editori riuniti,1965,A1,,,,si
Segnini Carlo Alberto,"Onoranze a Galileo ""martire""",Storia,Opuscolo,2003,B4,,,,si
Serrao Feliciano,Classi partiti e legge nella repubblica romana,Storia,Pacini,1974,B6,,,,si
Seton-Watson Christ,Storia d'Italia dal 1870 al 1925,Storia,Laterza,1967,B3,,,,si
Slobodskoi S.M,storia del fascismo,Storia,Editori Riuniti,1962,B2,,,,si
Sobel Dava,Longitudine,Storia,Rizzoli,1999,B4,,,,si
Soboul Albert,La rivoluzione francese,Storia,Newton,1974,A4,,,,si
Sun Tzu,L'arte della guerra,Storia,Newton Compton,2008,B6,,,,si
Thomas Hugh,Storie della guerra civile spagnola,Storia,Einaudi,1964,A2,,,,si
Trevelyan G.M,Storia della società inglese,Storia,Einaudi,1981,B4,,,,si
Villari Lucio,Bella e perduta,Storia,Laterza,2009,B4,,,,si
Zumthor Paul,Semiologia e poetica medioevale,Storia,Feltrinelli,1972,B5,,,,si
Sully Prudhomme,Opere (Nobel 1901),Letteratura,Fabbri,1965,,,,,si
Mistral Frederic,Opere (Nobel 1904),Letteratura,Fabbri,1964,,,,,si
Hauptmann Gerhart,Opere (Nobel 1912),Letteratura,Fabbri,1965,,,,,si
von Heidenstam Verner,Opere (Nobel 1916),Letteratura,Fabbri,1965,,,,,si
Gjellerup Karl,Opere (Nobel 1917),Letteratura,Fabbri,1965,,,,,si
Yeats William B.,Opere (Nobel 1923),Letteratura,Fabbri,1966,,,,,si
Undset Sigrid,Opere (Nobel 1928),Letteratura,Fabbri ,1968,,,,,si
Lewis Sinclair,Opere (Nobel 1930),Letteratura,Fabbri,1966,,,,,si
Galsworthy John,Opere (Nobel 1932),Letteratura,Fabbri,1966,,,,,si
O'Neill Eugene,Opere (Nobel 1936),Letteratura,Fabbri,1967,,,,,si
Sillanpaa Frans Eemil,Opere (Nobel 1939),Letteratura,Fabbri,1967,,,,,si
Eliot Thomas S.,Opere (Nobel 1948),Letteratura,Fabbri,1963,,,,,si
Lagerkwist Par,Opere (Nobel 1951),Letteratura,Fabbri,1967,,,,,si
Mauriac Francois,Opere (Nobel 1952),Letteratura,Fabbri,1968,,,,,si
Laxness Halldor,Opere (Nobel 1955),Letteratura,Fabbri,1968,,,,,si
Camus Albert,Opere (Nobel 1957),Letteratura,Fabbri,1968,,,,,si
Saint-John Perse,Opere (Nobel 1960),Letteratura,Fabbri,1968,,,,,si
Andric Ivo,Opere (Nobel 1961),Letteratura,Fabbri,1968,,,,,si
Steinbeck John,Opere (Nobel 1962) ,Letteratura,Fabbri,1968,,,,,si
Seferis Giorgio,Opere (Nobel 1963),Letteratura,Fabbri,1969,,,,,si
Netter Frank,Atlante di anatomia fisiopatologia e clinica 6,Scienze,Novartis,1999,S,,,,si
Maeran Mancini,Glossario no problem,Scienze,McGraw Hill,2003,S,,,,si
von HagenVictor,Daewin e le isole incantate,Scienze,Rizzoli,1982,S,,,,si
AA. VV.,Geologia,Scienze,Giunti,2000,S,,,,si
AA. VV.,Zoologia,Scienze,Giunti,2003,S,,,,si
AA. VV.,Il corpo umano,Scienze,Giunti,2007,S,,,,si
Whitten Brooks,Dizionario di geologia,Scienze,Mondadori,1978,S,,,,si
Asimov Isaac,Le parole della scienza,Scienze,Mondadori,1976,S,,,,si
Della Beffa Giuseppe,Scienze naturali,Scienze,SEI,1944,S,,,,si
Bartezzaghi Stefano,Lezioni di enigmistica,Scienze,Einaudi,2001,S,,,,si
Lythgoe John e Gillian,Il libro completo dei pesci dei mari europei,Scienze,Mursia,1983,S,,,,si
Kaplan Helen,Nuove terapie sessuali,Scienze,Bompiani,1976,S,,,,si
Oliverio Alberto e Anna,L'alba del comportamento umano,Scienze,Laterza,1983,S,,,,si
Angela Piero,La macchina per pensare,Scienze,Garzanti,1983,S,,,,si
Francis Richard,L'ultimo mistero dell'ereditarietà,Scienze,Le Scienze,2011,S,,,,si
Gates Evelyn,Il telescopio di Einstein,Scienze,Le Scienze,2009,S,,,,si
Del Bello Paganini,Bravissimi,Scienze,Rusconi,1994,S,,,,si
Monod Jacques,Il caso e la necessità,Scienze,Mondadori,1974,S,,,,si
Meadows Rangers,I nuovi limiti dello sviluppo,Scienze,Mondadori,2006,S,,,,si
Krauss Lawtence,La fisica di Star Trek,Scienze,TEA,2009,S,,,,si
Livio Mauro,La sezione aurea,Scienze,Rizzoli,2003,S,,,,si
Rostand Jean,Piccola storia della biologia,Scienze,Einaudi,1949,S,,,,si
Veronesi Umberto,L'infinito della scienza,Scienze,Repubblica,2013,S,,,,si
AA. VV.,Dizionario delle scienze fisiche e matematiche,Scienze,Zanichelli,1959,S,,,,si
AA. VV.,Dizionario di biologia,Scienze,Zanichelli,1958,S,,,,si
Ferraro A.,Dizionario di metrologia generale,Scienze,Zanichelli,1958,S,,,,si
Sadoul Georges,Storia del cinema mondiale I-II,Scienze,Feltrinelli,1977,S,,,,si
